Title,Price,Location
The Epitome of Elegance,2.88 Crore,"DHA 9 Town, DHA Defence"
3 Years Instalment Plan Luxury 5 Marla Brand New House In Park View City Lahore,1.5 Crore,"Park View City, Lahore"
12 Marla Most Luxurious House For Sale In Lake City Block M3-A,6.49 Crore,"Lake City - Sector M-3A, Lake City"
1 Kanal Ultra Luxury Premium Brand New House For Sale in Lake City,15.5 Crore,"Lake City - Sector M-2, Lake City"
5 Marla 60ft Road Ultra Modern House For Sale in Lake City Sector M-8,3.25 Crore,"Lake City - Sector M-8, Lake City"
Reserve A Corner House Now In HBFC Housing Society - Block B,7.7 Crore,"HBFC Housing Society - Block B, HBFC Housing Society"
Well-Constructed Grey Structure House Available For Sale In Bankers Avenue Cooperative Housing Society,4.5 Crore,"Bankers Avenue Cooperative Housing Society, Lahore"
Fully Furnished 2 Kanal Adorable Bungalow On Top Location For Sale in Phase 6 DHA Lahore,36.5 Crore,"DHA Phase 6, DHA Defence"
1 Kanal Luxury House For Sale In DHA Phase 3 Block XX | Prime Location Investment Opportunity,8.25 Crore,"DHA Phase 3 - Block XX, DHA Phase 3"
ULTRA-LUXURY 4 KANAL MASTERPIECE | 2-SIDE OPEN | PRIVATE RESORT-STYLE LIVING | SWIMMING POOL | SAUNA | THEATRE,55 Crore,"DHA Phase 7, DHA Defence"
10 MARLA FULL MODREN BRAND NEW HOUSE FOR SALE DHA PHASE 7,4.85 Crore,"DHA Phase 7 - Block U, DHA Phase 7"
10 MARLA DOUBLE HEIGHT LOBBY ULRA MODERN BRAND NEW HOUSE FOR SALE PRICIOUS LOCATION PHASE 7 T BLOCK,5.1 Crore,"DHA Phase 7 - Block Y, DHA Phase 7"
5 Marla Modern Design House For Sale In Al Rehman Garden Phase 2 LHR,2.15 Crore,"Al Rehman Garden Phase 2, Al Rehman Garden"
Luxury 5 Marla Modern Design House.,1.6 Crore,"Central Park - Block BB, Central Park Housing Scheme"
35 MARLA HOUSE FOR SALL IN MEADOWS VILLAS,10.5 Crore,"Bahria Town - Meadows Villas, Bahria Town - Sector B"
5 Marla Double Story House For Sale In Maraghzar Officer Colony,2.75 Crore,"Marghzar Officers Colony, Lahore"
Fully Furnished 2 Kanal Adorable Bungalow On Top Location For Sale In Phase 6 DHA Lahore,65 Crore,"DHA Phase 6, DHA Defence"
3 Years Installments Plan 5 Marla Brand New House For Sale In Park View City,1.5 Crore,"Park View City, Lahore"
3 Years Installments Plan 3.5 Marla Brand New House For Sale In Park View City,1.1 Crore,"Park View City, Lahore"
3 Years Installments Plan 5 Marla Brand New House For Sale In Park View City,1.6 Crore,"Park View City, Lahore"
3 Years Installments Plan 10 Marla Brand New House For Sale In Park View City,3.1 Crore,"Park View City, Lahore"
3 Years Installments Plan Brand New Luxury House For Sale In Park View City,1.15 Crore,"Park View City, Lahore"
3 Years Installment Plan Luxury 5 Marla Brand New House In Park View City Lahore,1.5 Crore,"Park View City, Lahore"
3 Years Installment Plan Luxury 5 Marla Brand New House In Park View City Lahore,1.5 Crore,"Park View City, Lahore"
1 Kanal Used House With Gas Meter Installed For Sale,4.65 Crore,"Central Park Housing Scheme, Lahore"
